main_mode,share
walk,0.186770116781315
car,0.182850743880979
taxibus,0.294192929131339
pt,0.325867861142217
bike,0.0103183490641497
